ID,VARIABLE,PARAMETER,VALUE,TIMESTAMP
1,USTAR_MP_METHOD,SUCCESS_RUN,1,2009
1,USTAR_MP_METHOD,SUCCESS_RUN,1,2010
1,USTAR_MP_METHOD,SUCCESS_RUN,1,2011
2,USTAR_CP_METHOD,SUCCESS_RUN,0,2009
2,USTAR_CP_METHOD,SUCCESS_RUN,1,2010
2,USTAR_CP_METHOD,SUCCESS_RUN,0,2011
3,NEE_CUT_USTAR50,USTAR_THRESHOLD,0.341067,-9999
4,NEE_VUT_USTAR50,USTAR_THRESHOLD,0.315473,2009
4,NEE_VUT_USTAR50,USTAR_THRESHOLD,0.341067,2010
4,NEE_VUT_USTAR50,USTAR_THRESHOLD,0.341067,2011
5,NEE_CUT_REF,HH_USTAR_PERCENTILE,46.25,-9999
5,NEE_CUT_REF,HH_USTAR_THRESHOLD,0.330648,-9999
6,NEE_VUT_REF,HH_USTAR_PERCENTILE,46.25,2009
6,NEE_VUT_REF,HH_USTAR_THRESHOLD,0.297001,2009
6,NEE_VUT_REF,HH_USTAR_PERCENTILE,46.25,2010
6,NEE_VUT_REF,HH_USTAR_THRESHOLD,0.330648,2010
6,NEE_VUT_REF,HH_USTAR_PERCENTILE,46.25,2011
6,NEE_VUT_REF,HH_USTAR_THRESHOLD,0.330648,2011
7,NEE_CUT_REF,DD_USTAR_PERCENTILE,46.25,-9999
7,NEE_CUT_REF,DD_USTAR_THRESHOLD,0.330648,-9999
8,NEE_VUT_REF,DD_USTAR_PERCENTILE,53.75,2009
8,NEE_VUT_REF,DD_USTAR_THRESHOLD,0.350372,2009
8,NEE_VUT_REF,DD_USTAR_PERCENTILE,53.75,2010
8,NEE_VUT_REF,DD_USTAR_THRESHOLD,0.345125,2010
8,NEE_VUT_REF,DD_USTAR_PERCENTILE,53.75,2011
8,NEE_VUT_REF,DD_USTAR_THRESHOLD,0.345125,2011
9,NEE_CUT_REF,WW_USTAR_PERCENTILE,46.25,-9999
9,NEE_CUT_REF,WW_USTAR_THRESHOLD,0.330648,-9999
10,NEE_VUT_REF,WW_USTAR_PERCENTILE,46.25,2009
10,NEE_VUT_REF,WW_USTAR_THRESHOLD,0.297001,2009
10,NEE_VUT_REF,WW_USTAR_PERCENTILE,46.25,2010
10,NEE_VUT_REF,WW_USTAR_THRESHOLD,0.330648,2010
10,NEE_VUT_REF,WW_USTAR_PERCENTILE,46.25,2011
10,NEE_VUT_REF,WW_USTAR_THRESHOLD,0.330648,2011
11,NEE_CUT_REF,MM_USTAR_PERCENTILE,46.25,-9999
11,NEE_CUT_REF,MM_USTAR_THRESHOLD,0.330648,-9999
12,NEE_VUT_REF,MM_USTAR_PERCENTILE,48.75,2009
12,NEE_VUT_REF,MM_USTAR_THRESHOLD,0.313106,2009
12,NEE_VUT_REF,MM_USTAR_PERCENTILE,48.75,2010
12,NEE_VUT_REF,MM_USTAR_THRESHOLD,0.33944,2010
12,NEE_VUT_REF,MM_USTAR_PERCENTILE,48.75,2011
12,NEE_VUT_REF,MM_USTAR_THRESHOLD,0.33944,2011
13,NEE_CUT_REF,YY_USTAR_PERCENTILE,46.25,-9999
13,NEE_CUT_REF,YY_USTAR_THRESHOLD,0.330648,-9999
14,NEE_VUT_REF,YY_USTAR_PERCENTILE,51.25,2009
14,NEE_VUT_REF,YY_USTAR_THRESHOLD,0.335776,2009
14,NEE_VUT_REF,YY_USTAR_PERCENTILE,51.25,2010
14,NEE_VUT_REF,YY_USTAR_THRESHOLD,0.342233,2010
14,NEE_VUT_REF,YY_USTAR_PERCENTILE,51.25,2011
14,NEE_VUT_REF,YY_USTAR_THRESHOLD,0.342233,2011
15,RECO_NT_CUT_REF,HH_USTAR_PERCENTILE,43.75,-9999
15,RECO_NT_CUT_REF,HH_USTAR_THRESHOLD,0.327238,-9999
16,RECO_NT_VUT_REF,HH_USTAR_PERCENTILE,43.75,2009
16,RECO_NT_VUT_REF,HH_USTAR_THRESHOLD,0.295086,2009
16,RECO_NT_VUT_REF,HH_USTAR_PERCENTILE,43.75,2010
16,RECO_NT_VUT_REF,HH_USTAR_THRESHOLD,0.327238,2010
16,RECO_NT_VUT_REF,HH_USTAR_PERCENTILE,43.75,2011
16,RECO_NT_VUT_REF,HH_USTAR_THRESHOLD,0.327238,2011
17,RECO_NT_CUT_REF,DD_USTAR_PERCENTILE,43.75,-9999
17,RECO_NT_CUT_REF,DD_USTAR_THRESHOLD,0.327238,-9999
18,RECO_NT_VUT_REF,DD_USTAR_PERCENTILE,43.75,2009
18,RECO_NT_VUT_REF,DD_USTAR_THRESHOLD,0.295086,2009
18,RECO_NT_VUT_REF,DD_USTAR_PERCENTILE,43.75,2010
18,RECO_NT_VUT_REF,DD_USTAR_THRESHOLD,0.327238,2010
18,RECO_NT_VUT_REF,DD_USTAR_PERCENTILE,43.75,2011
18,RECO_NT_VUT_REF,DD_USTAR_THRESHOLD,0.327238,2011
19,RECO_NT_CUT_REF,WW_USTAR_PERCENTILE,43.75,-9999
19,RECO_NT_CUT_REF,WW_USTAR_THRESHOLD,0.327238,-9999
20,RECO_NT_VUT_REF,WW_USTAR_PERCENTILE,43.75,2009
20,RECO_NT_VUT_REF,WW_USTAR_THRESHOLD,0.295086,2009
20,RECO_NT_VUT_REF,WW_USTAR_PERCENTILE,43.75,2010
20,RECO_NT_VUT_REF,WW_USTAR_THRESHOLD,0.327238,2010
20,RECO_NT_VUT_REF,WW_USTAR_PERCENTILE,43.75,2011
20,RECO_NT_VUT_REF,WW_USTAR_THRESHOLD,0.327238,2011
21,RECO_NT_CUT_REF,MM_USTAR_PERCENTILE,51.25,-9999
21,RECO_NT_CUT_REF,MM_USTAR_THRESHOLD,0.342233,-9999
22,RECO_NT_VUT_REF,MM_USTAR_PERCENTILE,61.25,2009
22,RECO_NT_VUT_REF,MM_USTAR_THRESHOLD,0.384684,2009
22,RECO_NT_VUT_REF,MM_USTAR_PERCENTILE,61.25,2010
22,RECO_NT_VUT_REF,MM_USTAR_THRESHOLD,0.364012,2010
22,RECO_NT_VUT_REF,MM_USTAR_PERCENTILE,61.25,2011
22,RECO_NT_VUT_REF,MM_USTAR_THRESHOLD,0.364012,2011
23,RECO_NT_CUT_REF,YY_USTAR_PERCENTILE,41.25,-9999
23,RECO_NT_CUT_REF,YY_USTAR_THRESHOLD,0.315473,-9999
24,RECO_NT_VUT_REF,YY_USTAR_PERCENTILE,51.25,2009
24,RECO_NT_VUT_REF,YY_USTAR_THRESHOLD,0.335776,2009
24,RECO_NT_VUT_REF,YY_USTAR_PERCENTILE,51.25,2010
24,RECO_NT_VUT_REF,YY_USTAR_THRESHOLD,0.342233,2010
24,RECO_NT_VUT_REF,YY_USTAR_PERCENTILE,51.25,2011
24,RECO_NT_VUT_REF,YY_USTAR_THRESHOLD,0.342233,2011
25,GPP_NT_CUT_REF,HH_USTAR_PERCENTILE,43.75,-9999
25,GPP_NT_CUT_REF,HH_USTAR_THRESHOLD,0.327238,-9999
26,GPP_NT_VUT_REF,HH_USTAR_PERCENTILE,43.75,2009
26,GPP_NT_VUT_REF,HH_USTAR_THRESHOLD,0.295086,2009
26,GPP_NT_VUT_REF,HH_USTAR_PERCENTILE,43.75,2010
26,GPP_NT_VUT_REF,HH_USTAR_THRESHOLD,0.327238,2010
26,GPP_NT_VUT_REF,HH_USTAR_PERCENTILE,43.75,2011
26,GPP_NT_VUT_REF,HH_USTAR_THRESHOLD,0.327238,2011
27,GPP_NT_CUT_REF,DD_USTAR_PERCENTILE,43.75,-9999
27,GPP_NT_CUT_REF,DD_USTAR_THRESHOLD,0.327238,-9999
28,GPP_NT_VUT_REF,DD_USTAR_PERCENTILE,51.25,2009
28,GPP_NT_VUT_REF,DD_USTAR_THRESHOLD,0.335776,2009
28,GPP_NT_VUT_REF,DD_USTAR_PERCENTILE,51.25,2010
28,GPP_NT_VUT_REF,DD_USTAR_THRESHOLD,0.342233,2010
28,GPP_NT_VUT_REF,DD_USTAR_PERCENTILE,51.25,2011
28,GPP_NT_VUT_REF,DD_USTAR_THRESHOLD,0.342233,2011
29,GPP_NT_CUT_REF,WW_USTAR_PERCENTILE,48.75,-9999
29,GPP_NT_CUT_REF,WW_USTAR_THRESHOLD,0.33944,-9999
30,GPP_NT_VUT_REF,WW_USTAR_PERCENTILE,51.25,2009
30,GPP_NT_VUT_REF,WW_USTAR_THRESHOLD,0.335776,2009
30,GPP_NT_VUT_REF,WW_USTAR_PERCENTILE,51.25,2010
30,GPP_NT_VUT_REF,WW_USTAR_THRESHOLD,0.342233,2010
30,GPP_NT_VUT_REF,WW_USTAR_PERCENTILE,51.25,2011
30,GPP_NT_VUT_REF,WW_USTAR_THRESHOLD,0.342233,2011
31,GPP_NT_CUT_REF,MM_USTAR_PERCENTILE,48.75,-9999
31,GPP_NT_CUT_REF,MM_USTAR_THRESHOLD,0.33944,-9999
32,GPP_NT_VUT_REF,MM_USTAR_PERCENTILE,73.75,2009
32,GPP_NT_VUT_REF,MM_USTAR_THRESHOLD,0.411524,2009
32,GPP_NT_VUT_REF,MM_USTAR_PERCENTILE,73.75,2010
32,GPP_NT_VUT_REF,MM_USTAR_THRESHOLD,0.396027,2010
32,GPP_NT_VUT_REF,MM_USTAR_PERCENTILE,73.75,2011
32,GPP_NT_VUT_REF,MM_USTAR_THRESHOLD,0.396027,2011
33,GPP_NT_CUT_REF,YY_USTAR_PERCENTILE,98.75,-9999
33,GPP_NT_CUT_REF,YY_USTAR_THRESHOLD,0.531265,-9999
34,GPP_NT_VUT_REF,YY_USTAR_PERCENTILE,98.75,2009
34,GPP_NT_VUT_REF,YY_USTAR_THRESHOLD,0.55072,2009
34,GPP_NT_VUT_REF,YY_USTAR_PERCENTILE,98.75,2010
34,GPP_NT_VUT_REF,YY_USTAR_THRESHOLD,0.531265,2010
34,GPP_NT_VUT_REF,YY_USTAR_PERCENTILE,98.75,2011
34,GPP_NT_VUT_REF,YY_USTAR_THRESHOLD,0.531265,2011
35,RECO_DT_CUT_REF,HH_USTAR_PERCENTILE,91.25,-9999
35,RECO_DT_CUT_REF,HH_USTAR_THRESHOLD,0.440043,-9999
36,RECO_DT_VUT_REF,HH_USTAR_PERCENTILE,86.25,2009
36,RECO_DT_VUT_REF,HH_USTAR_THRESHOLD,0.435806,2009
36,RECO_DT_VUT_REF,HH_USTAR_PERCENTILE,86.25,2010
36,RECO_DT_VUT_REF,HH_USTAR_THRESHOLD,0.419765,2010
36,RECO_DT_VUT_REF,HH_USTAR_PERCENTILE,86.25,2011
36,RECO_DT_VUT_REF,HH_USTAR_THRESHOLD,0.419765,2011
37,RECO_DT_CUT_REF,DD_USTAR_PERCENTILE,91.25,-9999
37,RECO_DT_CUT_REF,DD_USTAR_THRESHOLD,0.440043,-9999
38,RECO_DT_VUT_REF,DD_USTAR_PERCENTILE,86.25,2009
38,RECO_DT_VUT_REF,DD_USTAR_THRESHOLD,0.435806,2009
38,RECO_DT_VUT_REF,DD_USTAR_PERCENTILE,86.25,2010
38,RECO_DT_VUT_REF,DD_USTAR_THRESHOLD,0.419765,2010
38,RECO_DT_VUT_REF,DD_USTAR_PERCENTILE,86.25,2011
38,RECO_DT_VUT_REF,DD_USTAR_THRESHOLD,0.419765,2011
39,RECO_DT_CUT_REF,WW_USTAR_PERCENTILE,91.25,-9999
39,RECO_DT_CUT_REF,WW_USTAR_THRESHOLD,0.440043,-9999
40,RECO_DT_VUT_REF,WW_USTAR_PERCENTILE,86.25,2009
40,RECO_DT_VUT_REF,WW_USTAR_THRESHOLD,0.435806,2009
40,RECO_DT_VUT_REF,WW_USTAR_PERCENTILE,86.25,2010
40,RECO_DT_VUT_REF,WW_USTAR_THRESHOLD,0.419765,2010
40,RECO_DT_VUT_REF,WW_USTAR_PERCENTILE,86.25,2011
40,RECO_DT_VUT_REF,WW_USTAR_THRESHOLD,0.419765,2011
41,RECO_DT_CUT_REF,MM_USTAR_PERCENTILE,91.25,-9999
41,RECO_DT_CUT_REF,MM_USTAR_THRESHOLD,0.440043,-9999
42,RECO_DT_VUT_REF,MM_USTAR_PERCENTILE,86.25,2009
42,RECO_DT_VUT_REF,MM_USTAR_THRESHOLD,0.435806,2009
42,RECO_DT_VUT_REF,MM_USTAR_PERCENTILE,86.25,2010
42,RECO_DT_VUT_REF,MM_USTAR_THRESHOLD,0.419765,2010
42,RECO_DT_VUT_REF,MM_USTAR_PERCENTILE,86.25,2011
42,RECO_DT_VUT_REF,MM_USTAR_THRESHOLD,0.419765,2011
43,RECO_DT_CUT_REF,YY_USTAR_PERCENTILE,98.75,-9999
43,RECO_DT_CUT_REF,YY_USTAR_THRESHOLD,0.531265,-9999
44,RECO_DT_VUT_REF,YY_USTAR_PERCENTILE,86.25,2009
44,RECO_DT_VUT_REF,YY_USTAR_THRESHOLD,0.435806,2009
44,RECO_DT_VUT_REF,YY_USTAR_PERCENTILE,86.25,2010
44,RECO_DT_VUT_REF,YY_USTAR_THRESHOLD,0.419765,2010
44,RECO_DT_VUT_REF,YY_USTAR_PERCENTILE,86.25,2011
44,RECO_DT_VUT_REF,YY_USTAR_THRESHOLD,0.419765,2011
45,GPP_DT_CUT_REF,HH_USTAR_PERCENTILE,91.25,-9999
45,GPP_DT_CUT_REF,HH_USTAR_THRESHOLD,0.440043,-9999
46,GPP_DT_VUT_REF,HH_USTAR_PERCENTILE,46.25,2009
46,GPP_DT_VUT_REF,HH_USTAR_THRESHOLD,0.297001,2009
46,GPP_DT_VUT_REF,HH_USTAR_PERCENTILE,46.25,2010
46,GPP_DT_VUT_REF,HH_USTAR_THRESHOLD,0.330648,2010
46,GPP_DT_VUT_REF,HH_USTAR_PERCENTILE,46.25,2011
46,GPP_DT_VUT_REF,HH_USTAR_THRESHOLD,0.330648,2011
47,GPP_DT_CUT_REF,DD_USTAR_PERCENTILE,91.25,-9999
47,GPP_DT_CUT_REF,DD_USTAR_THRESHOLD,0.440043,-9999
48,GPP_DT_VUT_REF,DD_USTAR_PERCENTILE,86.25,2009
48,GPP_DT_VUT_REF,DD_USTAR_THRESHOLD,0.435806,2009
48,GPP_DT_VUT_REF,DD_USTAR_PERCENTILE,86.25,2010
48,GPP_DT_VUT_REF,DD_USTAR_THRESHOLD,0.419765,2010
48,GPP_DT_VUT_REF,DD_USTAR_PERCENTILE,86.25,2011
48,GPP_DT_VUT_REF,DD_USTAR_THRESHOLD,0.419765,2011
49,GPP_DT_CUT_REF,WW_USTAR_PERCENTILE,88.75,-9999
49,GPP_DT_CUT_REF,WW_USTAR_THRESHOLD,0.429019,-9999
50,GPP_DT_VUT_REF,WW_USTAR_PERCENTILE,86.25,2009
50,GPP_DT_VUT_REF,WW_USTAR_THRESHOLD,0.435806,2009
50,GPP_DT_VUT_REF,WW_USTAR_PERCENTILE,86.25,2010
50,GPP_DT_VUT_REF,WW_USTAR_THRESHOLD,0.419765,2010
50,GPP_DT_VUT_REF,WW_USTAR_PERCENTILE,86.25,2011
50,GPP_DT_VUT_REF,WW_USTAR_THRESHOLD,0.419765,2011
51,GPP_DT_CUT_REF,MM_USTAR_PERCENTILE,88.75,-9999
51,GPP_DT_CUT_REF,MM_USTAR_THRESHOLD,0.429019,-9999
52,GPP_DT_VUT_REF,MM_USTAR_PERCENTILE,86.25,2009
52,GPP_DT_VUT_REF,MM_USTAR_THRESHOLD,0.435806,2009
52,GPP_DT_VUT_REF,MM_USTAR_PERCENTILE,86.25,2010
52,GPP_DT_VUT_REF,MM_USTAR_THRESHOLD,0.419765,2010
52,GPP_DT_VUT_REF,MM_USTAR_PERCENTILE,86.25,2011
52,GPP_DT_VUT_REF,MM_USTAR_THRESHOLD,0.419765,2011
53,GPP_DT_CUT_REF,YY_USTAR_PERCENTILE,98.75,-9999
53,GPP_DT_CUT_REF,YY_USTAR_THRESHOLD,0.531265,-9999
54,GPP_DT_VUT_REF,YY_USTAR_PERCENTILE,86.25,2009
54,GPP_DT_VUT_REF,YY_USTAR_THRESHOLD,0.435806,2009
54,GPP_DT_VUT_REF,YY_USTAR_PERCENTILE,86.25,2010
54,GPP_DT_VUT_REF,YY_USTAR_THRESHOLD,0.419765,2010
54,GPP_DT_VUT_REF,YY_USTAR_PERCENTILE,86.25,2011
54,GPP_DT_VUT_REF,YY_USTAR_THRESHOLD,0.419765,2011
55,USTAR_CUT,USTAR_PERCENTILE,1.25,-9999
55,USTAR_CUT,USTAR_THRESHOLD,0.257751,-9999
56,USTAR_CUT,USTAR_PERCENTILE,3.75,-9999
56,USTAR_CUT,USTAR_THRESHOLD,0.261528,-9999
57,USTAR_CUT,USTAR_PERCENTILE,6.25,-9999
57,USTAR_CUT,USTAR_THRESHOLD,0.265261,-9999
58,USTAR_CUT,USTAR_PERCENTILE,8.75,-9999
58,USTAR_CUT,USTAR_THRESHOLD,0.267479,-9999
59,USTAR_CUT,USTAR_PERCENTILE,11.25,-9999
59,USTAR_CUT,USTAR_THRESHOLD,0.270879,-9999
60,USTAR_CUT,USTAR_PERCENTILE,13.75,-9999
60,USTAR_CUT,USTAR_THRESHOLD,0.272853,-9999
61,USTAR_CUT,USTAR_PERCENTILE,16.25,-9999
61,USTAR_CUT,USTAR_THRESHOLD,0.27519,-9999
62,USTAR_CUT,USTAR_PERCENTILE,18.75,-9999
62,USTAR_CUT,USTAR_THRESHOLD,0.277651,-9999
63,USTAR_CUT,USTAR_PERCENTILE,21.25,-9999
63,USTAR_CUT,USTAR_THRESHOLD,0.281105,-9999
64,USTAR_CUT,USTAR_PERCENTILE,23.75,-9999
64,USTAR_CUT,USTAR_THRESHOLD,0.282932,-9999
65,USTAR_CUT,USTAR_PERCENTILE,26.25,-9999
65,USTAR_CUT,USTAR_THRESHOLD,0.284573,-9999
66,USTAR_CUT,USTAR_PERCENTILE,28.75,-9999
66,USTAR_CUT,USTAR_THRESHOLD,0.286436,-9999
67,USTAR_CUT,USTAR_PERCENTILE,31.25,-9999
67,USTAR_CUT,USTAR_THRESHOLD,0.288296,-9999
68,USTAR_CUT,USTAR_PERCENTILE,33.75,-9999
68,USTAR_CUT,USTAR_THRESHOLD,0.295001,-9999
69,USTAR_CUT,USTAR_PERCENTILE,36.25,-9999
69,USTAR_CUT,USTAR_THRESHOLD,0.298939,-9999
70,USTAR_CUT,USTAR_PERCENTILE,38.75,-9999
70,USTAR_CUT,USTAR_THRESHOLD,0.306841,-9999
71,USTAR_CUT,USTAR_PERCENTILE,41.25,-9999
71,USTAR_CUT,USTAR_THRESHOLD,0.315473,-9999
72,USTAR_CUT,USTAR_PERCENTILE,43.75,-9999
72,USTAR_CUT,USTAR_THRESHOLD,0.327238,-9999
73,USTAR_CUT,USTAR_PERCENTILE,46.25,-9999
73,USTAR_CUT,USTAR_THRESHOLD,0.330648,-9999
74,USTAR_CUT,USTAR_PERCENTILE,48.75,-9999
74,USTAR_CUT,USTAR_THRESHOLD,0.33944,-9999
75,USTAR_CUT,USTAR_PERCENTILE,50.00,-9999
75,USTAR_CUT,USTAR_THRESHOLD,0.341067,-9999
76,USTAR_CUT,USTAR_PERCENTILE,51.25,-9999
76,USTAR_CUT,USTAR_THRESHOLD,0.342233,-9999
77,USTAR_CUT,USTAR_PERCENTILE,53.75,-9999
77,USTAR_CUT,USTAR_THRESHOLD,0.345125,-9999
78,USTAR_CUT,USTAR_PERCENTILE,56.25,-9999
78,USTAR_CUT,USTAR_THRESHOLD,0.351132,-9999
79,USTAR_CUT,USTAR_PERCENTILE,58.75,-9999
79,USTAR_CUT,USTAR_THRESHOLD,0.360208,-9999
80,USTAR_CUT,USTAR_PERCENTILE,61.25,-9999
80,USTAR_CUT,USTAR_THRESHOLD,0.364012,-9999
81,USTAR_CUT,USTAR_PERCENTILE,63.75,-9999
81,USTAR_CUT,USTAR_THRESHOLD,0.370718,-9999
82,USTAR_CUT,USTAR_PERCENTILE,66.25,-9999
82,USTAR_CUT,USTAR_THRESHOLD,0.373604,-9999
83,USTAR_CUT,USTAR_PERCENTILE,68.75,-9999
83,USTAR_CUT,USTAR_THRESHOLD,0.378016,-9999
84,USTAR_CUT,USTAR_PERCENTILE,71.25,-9999
84,USTAR_CUT,USTAR_THRESHOLD,0.384684,-9999
85,USTAR_CUT,USTAR_PERCENTILE,73.75,-9999
85,USTAR_CUT,USTAR_THRESHOLD,0.396027,-9999
86,USTAR_CUT,USTAR_PERCENTILE,76.25,-9999
86,USTAR_CUT,USTAR_THRESHOLD,0.403295,-9999
87,USTAR_CUT,USTAR_PERCENTILE,78.75,-9999
87,USTAR_CUT,USTAR_THRESHOLD,0.407077,-9999
88,USTAR_CUT,USTAR_PERCENTILE,81.25,-9999
88,USTAR_CUT,USTAR_THRESHOLD,0.411524,-9999
89,USTAR_CUT,USTAR_PERCENTILE,83.75,-9999
89,USTAR_CUT,USTAR_THRESHOLD,0.415296,-9999
90,USTAR_CUT,USTAR_PERCENTILE,86.25,-9999
90,USTAR_CUT,USTAR_THRESHOLD,0.419765,-9999
91,USTAR_CUT,USTAR_PERCENTILE,88.75,-9999
91,USTAR_CUT,USTAR_THRESHOLD,0.429019,-9999
92,USTAR_CUT,USTAR_PERCENTILE,91.25,-9999
92,USTAR_CUT,USTAR_THRESHOLD,0.440043,-9999
93,USTAR_CUT,USTAR_PERCENTILE,93.75,-9999
93,USTAR_CUT,USTAR_THRESHOLD,0.453487,-9999
94,USTAR_CUT,USTAR_PERCENTILE,96.25,-9999
94,USTAR_CUT,USTAR_THRESHOLD,0.469729,-9999
95,USTAR_CUT,USTAR_PERCENTILE,98.75,-9999
95,USTAR_CUT,USTAR_THRESHOLD,0.531265,-9999
96,USTAR_VUT,USTAR_PERCENTILE,1.25,2009
96,USTAR_VUT,USTAR_THRESHOLD,0.259426,2009
97,USTAR_VUT,USTAR_PERCENTILE,3.75,2009
97,USTAR_VUT,USTAR_THRESHOLD,0.261379,2009
98,USTAR_VUT,USTAR_PERCENTILE,6.25,2009
98,USTAR_VUT,USTAR_THRESHOLD,0.264638,2009
99,USTAR_VUT,USTAR_PERCENTILE,8.75,2009
99,USTAR_VUT,USTAR_THRESHOLD,0.26575,2009
100,USTAR_VUT,USTAR_PERCENTILE,11.25,2009
100,USTAR_VUT,USTAR_THRESHOLD,0.267749,2009
101,USTAR_VUT,USTAR_PERCENTILE,13.75,2009
101,USTAR_VUT,USTAR_THRESHOLD,0.270879,2009
102,USTAR_VUT,USTAR_PERCENTILE,16.25,2009
102,USTAR_VUT,USTAR_THRESHOLD,0.272368,2009
103,USTAR_VUT,USTAR_PERCENTILE,18.75,2009
103,USTAR_VUT,USTAR_THRESHOLD,0.274051,2009
104,USTAR_VUT,USTAR_PERCENTILE,21.25,2009
104,USTAR_VUT,USTAR_THRESHOLD,0.275527,2009
105,USTAR_VUT,USTAR_PERCENTILE,23.75,2009
105,USTAR_VUT,USTAR_THRESHOLD,0.2781,2009
106,USTAR_VUT,USTAR_PERCENTILE,26.25,2009
106,USTAR_VUT,USTAR_THRESHOLD,0.280856,2009
107,USTAR_VUT,USTAR_PERCENTILE,28.75,2009
107,USTAR_VUT,USTAR_THRESHOLD,0.281898,2009
108,USTAR_VUT,USTAR_PERCENTILE,31.25,2009
108,USTAR_VUT,USTAR_THRESHOLD,0.283097,2009
109,USTAR_VUT,USTAR_PERCENTILE,33.75,2009
109,USTAR_VUT,USTAR_THRESHOLD,0.284228,2009
110,USTAR_VUT,USTAR_PERCENTILE,36.25,2009
110,USTAR_VUT,USTAR_THRESHOLD,0.285703,2009
111,USTAR_VUT,USTAR_PERCENTILE,38.75,2009
111,USTAR_VUT,USTAR_THRESHOLD,0.286835,2009
112,USTAR_VUT,USTAR_PERCENTILE,41.25,2009
112,USTAR_VUT,USTAR_THRESHOLD,0.289984,2009
113,USTAR_VUT,USTAR_PERCENTILE,43.75,2009
113,USTAR_VUT,USTAR_THRESHOLD,0.295086,2009
114,USTAR_VUT,USTAR_PERCENTILE,46.25,2009
114,USTAR_VUT,USTAR_THRESHOLD,0.297001,2009
115,USTAR_VUT,USTAR_PERCENTILE,48.75,2009
115,USTAR_VUT,USTAR_THRESHOLD,0.313106,2009
116,USTAR_VUT,USTAR_PERCENTILE,50.00,2009
116,USTAR_VUT,USTAR_THRESHOLD,0.315473,2009
117,USTAR_VUT,USTAR_PERCENTILE,51.25,2009
117,USTAR_VUT,USTAR_THRESHOLD,0.335776,2009
118,USTAR_VUT,USTAR_PERCENTILE,53.75,2009
118,USTAR_VUT,USTAR_THRESHOLD,0.350372,2009
119,USTAR_VUT,USTAR_PERCENTILE,56.25,2009
119,USTAR_VUT,USTAR_THRESHOLD,0.360208,2009
120,USTAR_VUT,USTAR_PERCENTILE,58.75,2009
120,USTAR_VUT,USTAR_THRESHOLD,0.372299,2009
121,USTAR_VUT,USTAR_PERCENTILE,61.25,2009
121,USTAR_VUT,USTAR_THRESHOLD,0.384684,2009
122,USTAR_VUT,USTAR_PERCENTILE,63.75,2009
122,USTAR_VUT,USTAR_THRESHOLD,0.395017,2009
123,USTAR_VUT,USTAR_PERCENTILE,66.25,2009
123,USTAR_VUT,USTAR_THRESHOLD,0.401303,2009
124,USTAR_VUT,USTAR_PERCENTILE,68.75,2009
124,USTAR_VUT,USTAR_THRESHOLD,0.405297,2009
125,USTAR_VUT,USTAR_PERCENTILE,71.25,2009
125,USTAR_VUT,USTAR_THRESHOLD,0.40807,2009
126,USTAR_VUT,USTAR_PERCENTILE,73.75,2009
126,USTAR_VUT,USTAR_THRESHOLD,0.411524,2009
127,USTAR_VUT,USTAR_PERCENTILE,76.25,2009
127,USTAR_VUT,USTAR_THRESHOLD,0.414401,2009
128,USTAR_VUT,USTAR_PERCENTILE,78.75,2009
128,USTAR_VUT,USTAR_THRESHOLD,0.416328,2009
129,USTAR_VUT,USTAR_PERCENTILE,81.25,2009
129,USTAR_VUT,USTAR_THRESHOLD,0.419765,2009
130,USTAR_VUT,USTAR_PERCENTILE,83.75,2009
130,USTAR_VUT,USTAR_THRESHOLD,0.423727,2009
131,USTAR_VUT,USTAR_PERCENTILE,86.25,2009
131,USTAR_VUT,USTAR_THRESHOLD,0.435806,2009
132,USTAR_VUT,USTAR_PERCENTILE,88.75,2009
132,USTAR_VUT,USTAR_THRESHOLD,0.445698,2009
133,USTAR_VUT,USTAR_PERCENTILE,91.25,2009
133,USTAR_VUT,USTAR_THRESHOLD,0.456785,2009
134,USTAR_VUT,USTAR_PERCENTILE,93.75,2009
134,USTAR_VUT,USTAR_THRESHOLD,0.468608,2009
135,USTAR_VUT,USTAR_PERCENTILE,96.25,2009
135,USTAR_VUT,USTAR_THRESHOLD,0.478621,2009
136,USTAR_VUT,USTAR_PERCENTILE,98.75,2009
136,USTAR_VUT,USTAR_THRESHOLD,0.55072,2009
137,USTAR_VUT,USTAR_PERCENTILE,1.25,2010
137,USTAR_VUT,USTAR_THRESHOLD,0.257751,2010
138,USTAR_VUT,USTAR_PERCENTILE,3.75,2010
138,USTAR_VUT,USTAR_THRESHOLD,0.261528,2010
139,USTAR_VUT,USTAR_PERCENTILE,6.25,2010
139,USTAR_VUT,USTAR_THRESHOLD,0.265261,2010
140,USTAR_VUT,USTAR_PERCENTILE,8.75,2010
140,USTAR_VUT,USTAR_THRESHOLD,0.267479,2010
141,USTAR_VUT,USTAR_PERCENTILE,11.25,2010
141,USTAR_VUT,USTAR_THRESHOLD,0.270879,2010
142,USTAR_VUT,USTAR_PERCENTILE,13.75,2010
142,USTAR_VUT,USTAR_THRESHOLD,0.272853,2010
143,USTAR_VUT,USTAR_PERCENTILE,16.25,2010
143,USTAR_VUT,USTAR_THRESHOLD,0.27519,2010
144,USTAR_VUT,USTAR_PERCENTILE,18.75,2010
144,USTAR_VUT,USTAR_THRESHOLD,0.277651,2010
145,USTAR_VUT,USTAR_PERCENTILE,21.25,2010
145,USTAR_VUT,USTAR_THRESHOLD,0.281105,2010
146,USTAR_VUT,USTAR_PERCENTILE,23.75,2010
146,USTAR_VUT,USTAR_THRESHOLD,0.282932,2010
147,USTAR_VUT,USTAR_PERCENTILE,26.25,2010
147,USTAR_VUT,USTAR_THRESHOLD,0.284573,2010
148,USTAR_VUT,USTAR_PERCENTILE,28.75,2010
148,USTAR_VUT,USTAR_THRESHOLD,0.286436,2010
149,USTAR_VUT,USTAR_PERCENTILE,31.25,2010
149,USTAR_VUT,USTAR_THRESHOLD,0.288296,2010
150,USTAR_VUT,USTAR_PERCENTILE,33.75,2010
150,USTAR_VUT,USTAR_THRESHOLD,0.295001,2010
151,USTAR_VUT,USTAR_PERCENTILE,36.25,2010
151,USTAR_VUT,USTAR_THRESHOLD,0.298939,2010
152,USTAR_VUT,USTAR_PERCENTILE,38.75,2010
152,USTAR_VUT,USTAR_THRESHOLD,0.306841,2010
153,USTAR_VUT,USTAR_PERCENTILE,41.25,2010
153,USTAR_VUT,USTAR_THRESHOLD,0.315473,2010
154,USTAR_VUT,USTAR_PERCENTILE,43.75,2010
154,USTAR_VUT,USTAR_THRESHOLD,0.327238,2010
155,USTAR_VUT,USTAR_PERCENTILE,46.25,2010
155,USTAR_VUT,USTAR_THRESHOLD,0.330648,2010
156,USTAR_VUT,USTAR_PERCENTILE,48.75,2010
156,USTAR_VUT,USTAR_THRESHOLD,0.33944,2010
157,USTAR_VUT,USTAR_PERCENTILE,50.00,2010
157,USTAR_VUT,USTAR_THRESHOLD,0.341067,2010
158,USTAR_VUT,USTAR_PERCENTILE,51.25,2010
158,USTAR_VUT,USTAR_THRESHOLD,0.342233,2010
159,USTAR_VUT,USTAR_PERCENTILE,53.75,2010
159,USTAR_VUT,USTAR_THRESHOLD,0.345125,2010
160,USTAR_VUT,USTAR_PERCENTILE,56.25,2010
160,USTAR_VUT,USTAR_THRESHOLD,0.351132,2010
161,USTAR_VUT,USTAR_PERCENTILE,58.75,2010
161,USTAR_VUT,USTAR_THRESHOLD,0.360208,2010
162,USTAR_VUT,USTAR_PERCENTILE,61.25,2010
162,USTAR_VUT,USTAR_THRESHOLD,0.364012,2010
163,USTAR_VUT,USTAR_PERCENTILE,63.75,2010
163,USTAR_VUT,USTAR_THRESHOLD,0.370718,2010
164,USTAR_VUT,USTAR_PERCENTILE,66.25,2010
164,USTAR_VUT,USTAR_THRESHOLD,0.373604,2010
165,USTAR_VUT,USTAR_PERCENTILE,68.75,2010
165,USTAR_VUT,USTAR_THRESHOLD,0.378016,2010
166,USTAR_VUT,USTAR_PERCENTILE,71.25,2010
166,USTAR_VUT,USTAR_THRESHOLD,0.384684,2010
167,USTAR_VUT,USTAR_PERCENTILE,73.75,2010
167,USTAR_VUT,USTAR_THRESHOLD,0.396027,2010
168,USTAR_VUT,USTAR_PERCENTILE,76.25,2010
168,USTAR_VUT,USTAR_THRESHOLD,0.403295,2010
169,USTAR_VUT,USTAR_PERCENTILE,78.75,2010
169,USTAR_VUT,USTAR_THRESHOLD,0.407077,2010
170,USTAR_VUT,USTAR_PERCENTILE,81.25,2010
170,USTAR_VUT,USTAR_THRESHOLD,0.411524,2010
171,USTAR_VUT,USTAR_PERCENTILE,83.75,2010
171,USTAR_VUT,USTAR_THRESHOLD,0.415296,2010
172,USTAR_VUT,USTAR_PERCENTILE,86.25,2010
172,USTAR_VUT,USTAR_THRESHOLD,0.419765,2010
173,USTAR_VUT,USTAR_PERCENTILE,88.75,2010
173,USTAR_VUT,USTAR_THRESHOLD,0.429019,2010
174,USTAR_VUT,USTAR_PERCENTILE,91.25,2010
174,USTAR_VUT,USTAR_THRESHOLD,0.440043,2010
175,USTAR_VUT,USTAR_PERCENTILE,93.75,2010
175,USTAR_VUT,USTAR_THRESHOLD,0.453487,2010
176,USTAR_VUT,USTAR_PERCENTILE,96.25,2010
176,USTAR_VUT,USTAR_THRESHOLD,0.469729,2010
177,USTAR_VUT,USTAR_PERCENTILE,98.75,2010
177,USTAR_VUT,USTAR_THRESHOLD,0.531265,2010
178,USTAR_VUT,USTAR_PERCENTILE,1.25,2011
178,USTAR_VUT,USTAR_THRESHOLD,0.257751,2011
179,USTAR_VUT,USTAR_PERCENTILE,3.75,2011
179,USTAR_VUT,USTAR_THRESHOLD,0.261528,2011
180,USTAR_VUT,USTAR_PERCENTILE,6.25,2011
180,USTAR_VUT,USTAR_THRESHOLD,0.265261,2011
181,USTAR_VUT,USTAR_PERCENTILE,8.75,2011
181,USTAR_VUT,USTAR_THRESHOLD,0.267479,2011
182,USTAR_VUT,USTAR_PERCENTILE,11.25,2011
182,USTAR_VUT,USTAR_THRESHOLD,0.270879,2011
183,USTAR_VUT,USTAR_PERCENTILE,13.75,2011
183,USTAR_VUT,USTAR_THRESHOLD,0.272853,2011
184,USTAR_VUT,USTAR_PERCENTILE,16.25,2011
184,USTAR_VUT,USTAR_THRESHOLD,0.27519,2011
185,USTAR_VUT,USTAR_PERCENTILE,18.75,2011
185,USTAR_VUT,USTAR_THRESHOLD,0.277651,2011
186,USTAR_VUT,USTAR_PERCENTILE,21.25,2011
186,USTAR_VUT,USTAR_THRESHOLD,0.281105,2011
187,USTAR_VUT,USTAR_PERCENTILE,23.75,2011
187,USTAR_VUT,USTAR_THRESHOLD,0.282932,2011
188,USTAR_VUT,USTAR_PERCENTILE,26.25,2011
188,USTAR_VUT,USTAR_THRESHOLD,0.284573,2011
189,USTAR_VUT,USTAR_PERCENTILE,28.75,2011
189,USTAR_VUT,USTAR_THRESHOLD,0.286436,2011
190,USTAR_VUT,USTAR_PERCENTILE,31.25,2011
190,USTAR_VUT,USTAR_THRESHOLD,0.288296,2011
191,USTAR_VUT,USTAR_PERCENTILE,33.75,2011
191,USTAR_VUT,USTAR_THRESHOLD,0.295001,2011
192,USTAR_VUT,USTAR_PERCENTILE,36.25,2011
192,USTAR_VUT,USTAR_THRESHOLD,0.298939,2011
193,USTAR_VUT,USTAR_PERCENTILE,38.75,2011
193,USTAR_VUT,USTAR_THRESHOLD,0.306841,2011
194,USTAR_VUT,USTAR_PERCENTILE,41.25,2011
194,USTAR_VUT,USTAR_THRESHOLD,0.315473,2011
195,USTAR_VUT,USTAR_PERCENTILE,43.75,2011
195,USTAR_VUT,USTAR_THRESHOLD,0.327238,2011
196,USTAR_VUT,USTAR_PERCENTILE,46.25,2011
196,USTAR_VUT,USTAR_THRESHOLD,0.330648,2011
197,USTAR_VUT,USTAR_PERCENTILE,48.75,2011
197,USTAR_VUT,USTAR_THRESHOLD,0.33944,2011
198,USTAR_VUT,USTAR_PERCENTILE,50.00,2011
198,USTAR_VUT,USTAR_THRESHOLD,0.341067,2011
199,USTAR_VUT,USTAR_PERCENTILE,51.25,2011
199,USTAR_VUT,USTAR_THRESHOLD,0.342233,2011
200,USTAR_VUT,USTAR_PERCENTILE,53.75,2011
200,USTAR_VUT,USTAR_THRESHOLD,0.345125,2011
201,USTAR_VUT,USTAR_PERCENTILE,56.25,2011
201,USTAR_VUT,USTAR_THRESHOLD,0.351132,2011
202,USTAR_VUT,USTAR_PERCENTILE,58.75,2011
202,USTAR_VUT,USTAR_THRESHOLD,0.360208,2011
203,USTAR_VUT,USTAR_PERCENTILE,61.25,2011
203,USTAR_VUT,USTAR_THRESHOLD,0.364012,2011
204,USTAR_VUT,USTAR_PERCENTILE,63.75,2011
204,USTAR_VUT,USTAR_THRESHOLD,0.370718,2011
205,USTAR_VUT,USTAR_PERCENTILE,66.25,2011
205,USTAR_VUT,USTAR_THRESHOLD,0.373604,2011
206,USTAR_VUT,USTAR_PERCENTILE,68.75,2011
206,USTAR_VUT,USTAR_THRESHOLD,0.378016,2011
207,USTAR_VUT,USTAR_PERCENTILE,71.25,2011
207,USTAR_VUT,USTAR_THRESHOLD,0.384684,2011
208,USTAR_VUT,USTAR_PERCENTILE,73.75,2011
208,USTAR_VUT,USTAR_THRESHOLD,0.396027,2011
209,USTAR_VUT,USTAR_PERCENTILE,76.25,2011
209,USTAR_VUT,USTAR_THRESHOLD,0.403295,2011
210,USTAR_VUT,USTAR_PERCENTILE,78.75,2011
210,USTAR_VUT,USTAR_THRESHOLD,0.407077,2011
211,USTAR_VUT,USTAR_PERCENTILE,81.25,2011
211,USTAR_VUT,USTAR_THRESHOLD,0.411524,2011
212,USTAR_VUT,USTAR_PERCENTILE,83.75,2011
212,USTAR_VUT,USTAR_THRESHOLD,0.415296,2011
213,USTAR_VUT,USTAR_PERCENTILE,86.25,2011
213,USTAR_VUT,USTAR_THRESHOLD,0.419765,2011
214,USTAR_VUT,USTAR_PERCENTILE,88.75,2011
214,USTAR_VUT,USTAR_THRESHOLD,0.429019,2011
215,USTAR_VUT,USTAR_PERCENTILE,91.25,2011
215,USTAR_VUT,USTAR_THRESHOLD,0.440043,2011
216,USTAR_VUT,USTAR_PERCENTILE,93.75,2011
216,USTAR_VUT,USTAR_THRESHOLD,0.453487,2011
217,USTAR_VUT,USTAR_PERCENTILE,96.25,2011
217,USTAR_VUT,USTAR_THRESHOLD,0.469729,2011
218,USTAR_VUT,USTAR_PERCENTILE,98.75,2011
218,USTAR_VUT,USTAR_THRESHOLD,0.531265,2011
